{
    "title": "CLDF dataset derived from Bowern et al.'s \"Hunter - Gatherer Language Database\" from 2021",
    "access_right": "open",
    "keywords": [
        "cldf:Wordlist",
        "linguistics"
    ],
    "creators": [
        {
            "name": "Claire Bowern"
        },
        {
            "name": "Patience Epps"
        },
        {
            "name": "Jane Hill"
        },
        {
            "name": "Patrick McConvell"
        }
    ],
    "contributors": [
        {
            "name": "Claire Bowern",
            "type": "Editor"
        },
        {
            "name": "Patience Epps",
            "type": "Editor"
        },
        {
            "name": "Jane Hill",
            "type": "Editor"
        },
        {
            "name": "Patrick McConvell",
            "type": "Editor"
        },
        {
            "name": "Robert Forkel",
            "type": "Other"
        },
        {
            "name": "Christoph Rzymski",
            "type": "Other"
        },
        {
            "name": "Johann-Mattis List",
            "type": "Other"
        }
    ],
    "communities": [
        {
            "identifier": "lexibank"
        }
    ],
    "upload_type": "dataset",
    "description": "<p>Cite the source of the dataset as:</p>\n\n<blockquote>\n<p>Bowern, Claire, Patience Epps, Jane Hill, and Patrick McConvell. Hunter - Gatherer Language Database. https://huntergatherer.la.utexas.edu/ Accessed 2021-04-27.</p>\n</blockquote>",
    "license": {
        "id": "CC-BY-4.0"
    }
}